panel,scenario_id,level,pc1,pc2
raw,politeness-apology-003,negative,-42.23767795,4.462627704
raw,politeness-apology-003,neutral,-20.91100561,-17.0418129
raw,politeness-apology-003,positive,12.80221827,-8.781146869
raw,politeness-apology-013,negative,-36.20751969,25.30328575
raw,politeness-apology-013,neutral,-2.333427318,-21.77637549
raw,politeness-apology-013,positive,10.17523415,-26.46874743
raw,politeness-apology-043,negative,-26.09685061,32.8645123
raw,politeness-apology-043,neutral,-31.8119918,-1.213068528
raw,politeness-apology-043,positive,-23.85949467,-6.839912437
raw,politeness-apology-057,negative,-15.77427596,38.46370611
raw,politeness-apology-057,neutral,-20.02327529,0.3474341394
raw,politeness-apology-057,positive,-6.057576446,-5.969667914
raw,politeness-apology-065,negative,-26.48230121,19.43075034
raw,politeness-apology-065,neutral,6.215642373,-11.89432611
raw,politeness-apology-065,positive,-0.8879271384,0.772695412
raw,politeness-apology-067,negative,-18.9567375,13.46722916
raw,politeness-apology-067,neutral,1.301003732,-6.172614796
raw,politeness-apology-067,positive,6.310549088,-17.35403691
raw,politeness-apology-081,negative,-11.61821474,28.65491926
raw,politeness-apology-081,neutral,17.17672144,-10.18789681
raw,politeness-apology-081,positive,18.32757889,-7.188985714
raw,politeness-apology-098,negative,-35.41439181,18.88722115
raw,politeness-apology-098,neutral,-18.20291574,-1.845048892
raw,politeness-apology-098,positive,-26.06339771,-2.373332208
raw,politeness-bad-news-delivery-020,negative,-13.65034299,-5.333416944
raw,politeness-bad-news-delivery-020,neutral,9.767862914,-22.75695079
raw,politeness-bad-news-delivery-020,positive,7.574201875,-23.66112819
raw,politeness-bad-news-delivery-028,negative,-41.92645674,21.92497202
raw,politeness-bad-news-delivery-028,neutral,1.06951603,-21.67018143
raw,politeness-bad-news-delivery-028,positive,-2.409590954,-27.42241769
raw,politeness-bad-news-delivery-066,negative,-30.66545868,19.84355255
raw,politeness-bad-news-delivery-066,neutral,12.34215075,-40.65806405
raw,politeness-bad-news-delivery-066,positive,8.811746949,-18.18792161
raw,politeness-bad-news-delivery-073,negative,-48.0734604,13.97325889
raw,politeness-bad-news-delivery-073,neutral,-10.66996846,-8.193190262
raw,politeness-bad-news-delivery-073,positive,-7.107824633,2.594451143
raw,politeness-complaint-030,negative,-27.57325238,-9.213279363
raw,politeness-complaint-030,neutral,9.398047431,-21.1028371
raw,politeness-complaint-030,positive,28.91998664,1.902712474
raw,politeness-complaint-032,negative,-22.19341132,11.04034368
raw,politeness-complaint-032,neutral,25.48663407,-31.78886206
raw,politeness-complaint-032,positive,20.62927329,-24.43037909
raw,politeness-complaint-040,negative,-31.17534632,-3.09219523
raw,politeness-complaint-040,neutral,7.495927164,-51.44656055
raw,politeness-complaint-040,positive,3.512392463,-26.30220963
raw,politeness-complaint-049,negative,-37.0746889,9.719112336
raw,politeness-complaint-049,neutral,-11.21444924,-38.98103486
raw,politeness-complaint-049,positive,8.777437509,-8.986123183
raw,politeness-complaint-063,negative,-33.85866724,14.5542166
raw,politeness-complaint-063,neutral,-39.9216883,-6.801719824
raw,politeness-complaint-063,positive,-11.27023198,11.36475371
raw,politeness-complaint-072,negative,-34.57881764,8.030543837
raw,politeness-complaint-072,neutral,-3.993614987,-34.48242719
raw,politeness-complaint-072,positive,-42.18546527,-18.56105287
raw,politeness-complaint-089,negative,-13.12243633,6.121646858
raw,politeness-complaint-089,neutral,18.16863954,-45.94931806
raw,politeness-complaint-089,positive,1.807836965,-20.14489477
raw,politeness-correction-002,negative,4.329872549,22.16703354
raw,politeness-correction-002,neutral,31.10085096,7.258245295
raw,politeness-correction-002,positive,28.79709295,9.066804693
raw,politeness-correction-005,negative,5.84713458,27.04400385
raw,politeness-correction-005,neutral,31.4482764,16.4768375
raw,politeness-correction-005,positive,38.02913994,19.3877279
raw,politeness-correction-007,negative,10.03044308,29.06838452
raw,politeness-correction-007,neutral,26.92360928,15.97149202
raw,politeness-correction-007,positive,19.6314908,33.24662854
raw,politeness-correction-024,negative,-2.591609727,7.76975555
raw,politeness-correction-024,neutral,17.13481816,-18.07218625
raw,politeness-correction-024,positive,14.27862256,-15.65840866
raw,politeness-correction-027,negative,7.655851508,32.79121703
raw,politeness-correction-027,neutral,38.68048576,15.02135305
raw,politeness-correction-027,positive,44.19774389,1.628889074
raw,politeness-correction-045,negative,-13.50540614,18.13360903
raw,politeness-correction-045,neutral,30.45741122,-25.8611512
raw,politeness-correction-045,positive,39.69097075,11.40620244
raw,politeness-correction-051,negative,9.490895581,53.0556438
raw,politeness-correction-051,neutral,10.95814611,41.51984175
raw,politeness-correction-051,positive,3.862367072,45.52339961
raw,politeness-correction-076,negative,24.94291183,60.90461399
raw,politeness-correction-076,neutral,39.56214091,42.58449658
raw,politeness-correction-076,positive,22.87972301,51.46185478
raw,politeness-correction-087,negative,-6.697689549,36.41817266
raw,politeness-correction-087,neutral,28.03440207,11.6504578
raw,politeness-correction-087,positive,24.2551787,18.44055763
raw,politeness-criticism-or-feedback-023,negative,22.61279155,-3.894358536
raw,politeness-criticism-or-feedback-023,neutral,38.22586476,-21.54327508
raw,politeness-criticism-or-feedback-023,positive,52.23359177,-10.84799306
raw,politeness-criticism-or-feedback-036,negative,-16.92040823,12.41208816
raw,politeness-criticism-or-feedback-036,neutral,50.88528745,-28.97565335
raw,politeness-criticism-or-feedback-036,positive,41.7564388,4.569351493
raw,politeness-criticism-or-feedback-041,negative,44.90686055,-8.957295465
raw,politeness-criticism-or-feedback-041,neutral,58.71928046,-29.84019342
raw,politeness-criticism-or-feedback-041,positive,38.53670666,-32.055147
raw,politeness-criticism-or-feedback-050,negative,-11.99965587,7.435034753
raw,politeness-criticism-or-feedback-050,neutral,30.43274265,-6.346997951
raw,politeness-criticism-or-feedback-050,positive,41.11086509,15.9422361
raw,politeness-criticism-or-feedback-054,negative,2.406792026,23.61697346
raw,politeness-criticism-or-feedback-054,neutral,16.4552449,-8.638784742
raw,politeness-criticism-or-feedback-054,positive,39.60199273,31.31610063
raw,politeness-criticism-or-feedback-071,negative,-4.414004447,12.09150719
raw,politeness-criticism-or-feedback-071,neutral,25.06942773,-12.72503158
raw,politeness-criticism-or-feedback-071,positive,22.67331149,-4.664235096
raw,politeness-criticism-or-feedback-099,negative,17.68308051,13.21978795
raw,politeness-criticism-or-feedback-099,neutral,38.86712005,-20.10362488
raw,politeness-criticism-or-feedback-099,positive,61.71828672,-24.12572368
raw,politeness-criticism-or-feedback-100,negative,-7.818871666,8.65200188
raw,politeness-criticism-or-feedback-100,neutral,51.388121,-16.02089785
raw,politeness-criticism-or-feedback-100,positive,37.48428056,-6.21437759
raw,politeness-disagreement-012,negative,-8.472816923,22.37195347
raw,politeness-disagreement-012,neutral,28.78690474,27.07115818
raw,politeness-disagreement-012,positive,28.09803793,26.9126037
raw,politeness-disagreement-035,negative,4.115591567,38.37049535
raw,politeness-disagreement-035,neutral,34.68711993,38.32949776
raw,politeness-disagreement-035,positive,23.5426804,21.04095805
raw,politeness-disagreement-047,negative,33.87476711,36.9432489
raw,politeness-disagreement-047,neutral,49.45057807,39.60820335
raw,politeness-disagreement-047,positive,53.774958,20.04418079
raw,politeness-disagreement-048,negative,3.965865747,33.02287863
raw,politeness-disagreement-048,neutral,34.26415679,-11.04316035
raw,politeness-disagreement-048,positive,35.46509471,12.53492425
raw,politeness-disagreement-075,negative,16.87852955,52.67072904
raw,politeness-disagreement-075,neutral,38.07299521,48.66476405
raw,politeness-disagreement-075,positive,32.3979627,49.0028212
raw,politeness-disagreement-086,negative,11.79765902,43.72248092
raw,politeness-disagreement-086,neutral,25.58750677,52.95101979
raw,politeness-disagreement-086,positive,45.68038936,54.77101223
raw,politeness-inquiry-sensitive-008,negative,-35.97384349,19.55428381
raw,politeness-inquiry-sensitive-008,neutral,-19.30542639,12.71770823
raw,politeness-inquiry-sensitive-008,positive,9.933340619,11.24314224
raw,politeness-inquiry-sensitive-009,negative,-26.34584678,-3.12093177
raw,politeness-inquiry-sensitive-009,neutral,9.824506629,-23.33054451
raw,politeness-inquiry-sensitive-009,positive,8.18244162,-11.4915749
raw,politeness-inquiry-sensitive-016,negative,-20.55292324,-8.063919713
raw,politeness-inquiry-sensitive-016,neutral,23.90347598,-19.05438446
raw,politeness-inquiry-sensitive-016,positive,25.11726038,14.31939997
raw,politeness-inquiry-sensitive-092,negative,-17.68326595,29.28417053
raw,politeness-inquiry-sensitive-092,neutral,-3.583322297,22.87677211
raw,politeness-inquiry-sensitive-092,positive,-12.19159484,19.67785973
raw,politeness-refusal-038,negative,-38.49357599,26.85683027
raw,politeness-refusal-038,neutral,-15.09834497,2.046149797
raw,politeness-refusal-038,positive,-27.82847434,-11.09306669
raw,politeness-refusal-058,negative,-31.80785883,3.107409286
raw,politeness-refusal-058,neutral,-2.205589768,-12.60557064
raw,politeness-refusal-058,positive,13.23881875,-6.14314727
raw,politeness-refusal-064,negative,-46.36010429,13.88247411
raw,politeness-refusal-064,neutral,-12.25702526,-2.245954183
raw,politeness-refusal-064,positive,1.717179851,-0.05620975004
raw,politeness-refusal-069,negative,-41.17476358,10.92714597
raw,politeness-refusal-069,neutral,-11.84996708,1.825328162
raw,politeness-refusal-069,positive,3.71412646,-11.18926316
raw,politeness-refusal-077,negative,-45.96918436,15.78948556
raw,politeness-refusal-077,neutral,-28.27781858,-6.208233593
raw,politeness-refusal-077,positive,-23.78293291,4.201418054
raw,politeness-refusal-080,negative,-9.270211227,22.04016877
raw,politeness-refusal-080,neutral,4.20976558,-15.1774152
raw,politeness-refusal-080,positive,23.62413968,-26.35974162
raw,politeness-refusal-083,negative,-42.1266719,26.26574849
raw,politeness-refusal-083,neutral,-22.29187111,19.62865581
raw,politeness-refusal-083,positive,-7.278824069,8.177711631
raw,politeness-refusal-090,negative,-41.60178435,-0.335915811
raw,politeness-refusal-090,neutral,-12.69619362,-32.23387733
raw,politeness-refusal-090,positive,-14.92296633,-22.6467631
raw,politeness-reminder-017,negative,-19.3993752,-4.765235058
raw,politeness-reminder-017,neutral,-7.854426434,-42.3717666
raw,politeness-reminder-017,positive,-6.902990565,-25.46281233
raw,politeness-reminder-018,negative,-41.835483,16.4664804
raw,politeness-reminder-018,neutral,10.77636422,-23.01309275
raw,politeness-reminder-018,positive,19.90919818,-36.82824792
raw,politeness-reminder-019,negative,-39.21849579,4.586984459
raw,politeness-reminder-019,neutral,-10.04438745,-25.72245047
raw,politeness-reminder-019,positive,2.709886334,-37.81433117
raw,politeness-reminder-021,negative,-34.85515434,-4.084939312
raw,politeness-reminder-021,neutral,10.86631306,-28.00203928
raw,politeness-reminder-021,positive,18.38415193,-15.42544189
raw,politeness-reminder-079,negative,-48.55892775,3.296693427
raw,politeness-reminder-079,neutral,-1.737188832,-23.2827853
raw,politeness-reminder-079,positive,4.392899693,-23.62421127
raw,politeness-reminder-094,negative,-51.29853105,-6.572400075
raw,politeness-reminder-094,neutral,12.30695154,-20.26470399
raw,politeness-reminder-094,positive,-3.121128258,-4.844333932
raw,politeness-request-001,negative,-31.55598323,16.1141262
raw,politeness-request-001,neutral,13.1852499,-14.61288113
raw,politeness-request-001,positive,-1.276732766,-20.36923061
raw,politeness-request-006,negative,-47.16647617,-9.122566246
raw,politeness-request-006,neutral,23.82772327,-27.78415442
raw,politeness-request-006,positive,22.140744,-19.86487849
raw,politeness-request-025,negative,-49.01442499,9.822927301
raw,politeness-request-025,neutral,-35.60694766,-3.935161326
raw,politeness-request-025,positive,-40.54892059,-14.48511202
raw,politeness-request-029,negative,-31.63299485,-8.482747776
raw,politeness-request-029,neutral,15.8796228,-37.94934428
raw,politeness-request-029,positive,25.89317344,-35.39121287
raw,politeness-request-031,negative,-4.457632267,19.25704741
raw,politeness-request-031,neutral,49.25318374,-9.779542817
raw,politeness-request-031,positive,49.30975578,-5.107718759
raw,politeness-request-037,negative,-37.29518942,-4.467069038
raw,politeness-request-037,neutral,-18.56844248,-38.20261365
raw,politeness-request-037,positive,-5.565378133,-31.30696816
raw,politeness-request-053,negative,-33.65516493,15.62444992
raw,politeness-request-053,neutral,-10.89636536,-0.6780837827
raw,politeness-request-053,positive,-14.94749724,0.933600303
raw,politeness-request-056,negative,2.127846874,-4.330315563
raw,politeness-request-056,neutral,-9.605895721,-28.66926362
raw,politeness-request-056,positive,-5.476734221,-29.44624511
raw,politeness-request-061,negative,-44.94927931,5.679075098
raw,politeness-request-061,neutral,-21.26496192,-29.15073622
raw,politeness-request-061,positive,-17.80612043,-33.98487715
raw,politeness-request-074,negative,-35.39218305,-13.55597641
raw,politeness-request-074,neutral,-23.32695071,-42.39187618
raw,politeness-request-074,positive,-9.246542828,-19.87496197
raw,politeness-request-093,negative,-28.78572747,11.06596922
raw,politeness-request-093,neutral,-33.93935111,-9.686189195
raw,politeness-request-093,positive,-23.11026618,-25.18330184
raw,politeness-request-097,negative,-51.51448732,-2.532619271
raw,politeness-request-097,neutral,4.815311826,-29.43149404
raw,politeness-request-097,positive,9.645242699,-23.20431511
centered,politeness-apology-003,negative,-25.6698197,-0.001145501481
centered,politeness-apology-003,neutral,0.01705571971,11.55560693
centered,politeness-apology-003,positive,25.65276398,-11.55446143
centered,politeness-apology-013,negative,-41.5996043,-15.64233729
centered,politeness-apology-013,neutral,14.20889677,13.69426898
centered,politeness-apology-013,positive,27.39070753,1.948068309
centered,politeness-apology-043,negative,-18.17781811,-0.4402207877
centered,politeness-apology-043,neutral,7.293257839,22.15638076
centered,politeness-apology-043,positive,10.88456027,-21.71615997
centered,politeness-apology-057,negative,-19.63140869,-21.09295826
centered,politeness-apology-057,neutral,2.237570755,17.18846084
centered,politeness-apology-057,positive,17.39383794,3.904497418
centered,politeness-apology-065,negative,-26.31371794,5.618788819
centered,politeness-apology-065,neutral,21.44071779,16.73279735
centered,politeness-apology-065,positive,4.87300015,-22.35158617
centered,politeness-apology-067,negative,-21.76215465,-8.782621808
centered,politeness-apology-067,neutral,8.417014316,12.14524293
centered,politeness-apology-067,positive,13.34514034,-3.362621122
centered,politeness-apology-081,negative,-31.58024711,-12.35836334
centered,politeness-apology-081,neutral,14.10694929,8.540737115
centered,politeness-apology-081,positive,17.47329782,3.817626229
centered,politeness-apology-098,negative,-18.50325503,-1.025776481
centered,politeness-apology-098,neutral,12.5817321,0.728736625
centered,politeness-apology-098,positive,5.921522932,0.2970398558
centered,politeness-bad-news-delivery-020,negative,-24.25373854,0.01268557944
centered,politeness-bad-news-delivery-020,neutral,11.4285861,3.344285117
centered,politeness-bad-news-delivery-020,positive,12.82515244,-3.356970696
centered,politeness-bad-news-delivery-028,negative,-44.20976378,-15.0579046
centered,politeness-bad-news-delivery-028,neutral,23.52735063,13.98194802
centered,politeness-bad-news-delivery-028,positive,20.68241315,1.075956583
centered,politeness-bad-news-delivery-066,negative,-41.51725081,-6.946884586
centered,politeness-bad-news-delivery-066,neutral,27.66493342,9.277952835
centered,politeness-bad-news-delivery-066,positive,13.85231739,-2.331068249
centered,politeness-bad-news-delivery-073,negative,-38.38273201,-19.27035817
centered,politeness-bad-news-delivery-073,neutral,19.76429402,14.92978291
centered,politeness-bad-news-delivery-073,positive,18.61843799,4.34057526
centered,politeness-complaint-030,negative,-32.39492769,4.799155257
centered,politeness-complaint-030,neutral,11.14991014,44.00775715
centered,politeness-complaint-030,positive,21.24501756,-48.8069124
centered,politeness-complaint-032,negative,-43.40593176,-5.243548754
centered,politeness-complaint-032,neutral,24.58757612,19.74897318
centered,politeness-complaint-032,positive,18.81835563,-14.50542442
centered,politeness-complaint-040,negative,-40.22047067,-8.479153649
centered,politeness-complaint-040,neutral,26.29461726,16.51952908
centered,politeness-complaint-040,positive,13.92585341,-8.040375435
centered,politeness-complaint-049,negative,-37.39431009,-6.16384138
centered,politeness-complaint-049,neutral,14.55918556,31.30646069
centered,politeness-complaint-049,positive,22.83512453,-25.14261931
centered,politeness-complaint-063,negative,-15.23717451,21.8290473
centered,politeness-complaint-063,neutral,-0.9191791223,19.32978302
centered,politeness-complaint-063,positive,16.15635363,-41.15883032
centered,politeness-complaint-072,negative,-27.26841198,-6.047395837
centered,politeness-complaint-072,neutral,30.115044,14.88296543
centered,politeness-complaint-072,positive,-2.846632021,-8.835569597
centered,politeness-complaint-089,negative,-32.42925969,2.631678729
centered,politeness-complaint-089,neutral,26.73052775,21.34742122
centered,politeness-complaint-089,positive,5.698731941,-23.97909995
centered,politeness-correction-002,negative,-21.34698883,-3.420487525
centered,politeness-correction-002,neutral,9.028481357,13.99707267
centered,politeness-correction-002,positive,12.31850747,-10.57658515
centered,politeness-correction-005,negative,-24.2594183,21.47883035
centered,politeness-correction-005,neutral,8.979741796,14.51959882
centered,politeness-correction-005,positive,15.27967651,-35.99842917
centered,politeness-correction-007,negative,-12.44209498,-5.345554539
centered,politeness-correction-007,neutral,10.06101131,11.944365
centered,politeness-correction-007,positive,2.381083666,-6.598810461
centered,politeness-correction-024,negative,-23.13008421,5.492771261
centered,politeness-correction-024,neutral,12.55683772,2.631683574
centered,politeness-correction-024,positive,10.57324649,-8.124454835
centered,politeness-correction-027,negative,-29.30647185,-30.32646322
centered,politeness-correction-027,neutral,10.41720799,9.686627338
centered,politeness-correction-027,positive,18.88926386,20.63983589
centered,politeness-correction-045,negative,-39.39678943,-3.535788234
centered,politeness-correction-045,neutral,20.60427312,27.12781172
centered,politeness-correction-045,positive,18.79251631,-23.59202349
centered,politeness-correction-051,negative,-8.314651064,-11.16846686
centered,politeness-correction-051,neutral,3.880518072,10.79414473
centered,politeness-correction-051,positive,4.434132992,0.3743221348
centered,politeness-correction-076,negative,-11.01143602,6.961786944
centered,politeness-correction-076,neutral,12.54245338,23.01907951
centered,politeness-correction-076,positive,-1.531017359,-29.98086646
centered,politeness-correction-087,negative,-29.28862259,6.975002504
centered,politeness-correction-087,neutral,17.17409969,16.83682311
centered,politeness-correction-087,positive,12.11452291,-23.81182561
centered,politeness-criticism-or-feedback-023,negative,-18.91788318,8.634507283
centered,politeness-criticism-or-feedback-023,neutral,7.062365796,2.057612125
centered,politeness-criticism-or-feedback-023,positive,11.85551739,-10.69211941
centered,politeness-criticism-or-feedback-036,negative,-39.55655082,-22.18220568
centered,politeness-criticism-or-feedback-036,neutral,30.03118891,23.71211377
centered,politeness-criticism-or-feedback-036,positive,9.525361912,-1.529908084
centered,politeness-criticism-or-feedback-041,negative,-14.59183618,3.025440758
centered,politeness-criticism-or-feedback-041,neutral,11.62663573,5.832433582
centered,politeness-criticism-or-feedback-041,positive,2.965200448,-8.85787434
centered,politeness-criticism-or-feedback-050,negative,-31.72511295,-2.852944189
centered,politeness-criticism-or-feedback-050,neutral,15.5109317,12.4306573
centered,politeness-criticism-or-feedback-050,positive,16.21418125,-9.577713113
centered,politeness-criticism-or-feedback-054,negative,-20.70221687,-6.158267495
centered,politeness-criticism-or-feedback-054,neutral,8.594606446,12.165048
centered,politeness-criticism-or-feedback-054,positive,12.10761042,-6.006780504
centered,politeness-criticism-or-feedback-071,negative,-24.96914794,-2.172193546
centered,politeness-criticism-or-feedback-071,neutral,17.0749618,22.33266035
centered,politeness-criticism-or-feedback-071,positive,7.894186143,-20.1604668
centered,politeness-criticism-or-feedback-099,negative,-30.64104983,-16.9473468
centered,politeness-criticism-or-feedback-099,neutral,4.181646705,15.3316602
centered,politeness-criticism-or-feedback-099,positive,26.45940312,1.615686596
centered,politeness-criticism-or-feedback-100,negative,-32.58082838,0.6044524149
centered,politeness-criticism-or-feedback-100,neutral,23.23057909,5.333285605
centered,politeness-criticism-or-feedback-100,positive,9.350249285,-5.93773802
centered,politeness-disagreement-012,negative,-22.62747431,25.44573973
centered,politeness-disagreement-012,neutral,10.07480185,7.246274418
centered,politeness-disagreement-012,positive,12.55267247,-32.69201415
centered,politeness-disagreement-035,negative,-23.55537065,0.7117437003
centered,politeness-disagreement-035,neutral,12.11959628,8.822179876
centered,politeness-disagreement-035,positive,11.43577436,-9.533923577
centered,politeness-disagreement-047,negative,-16.13576839,16.26560388
centered,politeness-disagreement-047,neutral,1.245556387,2.294230117
centered,politeness-disagreement-047,positive,14.890212,-18.55983399
centered,politeness-disagreement-048,negative,-30.75325309,-18.45691688
centered,politeness-disagreement-048,neutral,19.47570774,25.80656985
centered,politeness-disagreement-048,positive,11.27754536,-7.34965297
centered,politeness-disagreement-075,negative,-18.37319768,2.481423592
centered,politeness-disagreement-075,neutral,10.66175708,1.896675779
centered,politeness-disagreement-075,positive,7.711440596,-4.378099371
centered,politeness-disagreement-086,negative,-16.13565291,13.92496415
centered,politeness-disagreement-086,neutral,1.350014429,-7.885779907
centered,politeness-disagreement-086,positive,14.78563848,-6.039184238
centered,politeness-inquiry-sensitive-008,negative,-25.86591586,-0.8252092837
centered,politeness-inquiry-sensitive-008,neutral,-0.167826379,15.57985106
centered,politeness-inquiry-sensitive-008,positive,26.03374224,-14.75464177
centered,politeness-inquiry-sensitive-009,negative,-29.31104364,18.98360798
centered,politeness-inquiry-sensitive-009,neutral,17.42604085,10.99153368
centered,politeness-inquiry-sensitive-009,positive,11.88500279,-29.97514166
centered,politeness-inquiry-sensitive-016,negative,-24.25688367,21.94648218
centered,politeness-inquiry-sensitive-016,neutral,15.72897467,10.13674712
centered,politeness-inquiry-sensitive-016,positive,8.527908997,-32.08322931
centered,politeness-inquiry-sensitive-092,negative,-11.21376522,1.302619849
centered,politeness-inquiry-sensitive-092,neutral,8.702042789,-4.946095581
centered,politeness-inquiry-sensitive-092,positive,2.511722436,3.643475732
centered,politeness-refusal-038,negative,-32.61135361,-12.57633253
centered,politeness-refusal-038,neutral,19.59425102,5.456817997
centered,politeness-refusal-038,positive,13.01710259,7.119514532
centered,politeness-refusal-058,negative,-25.98940465,14.7528286
centered,politeness-refusal-058,neutral,10.10926939,15.21402866
centered,politeness-refusal-058,positive,15.88013526,-29.96685726
centered,politeness-refusal-064,negative,-35.69850175,3.538290257
centered,politeness-refusal-064,neutral,12.64031761,6.77040996
centered,politeness-refusal-064,positive,23.05818414,-10.30870022
centered,politeness-refusal-069,negative,-30.99045644,14.02997885
centered,politeness-refusal-069,neutral,4.670001124,-4.173353839
centered,politeness-refusal-069,positive,26.32045531,-9.856625016
centered,politeness-refusal-077,negative,-23.4901452,11.83683256
centered,politeness-refusal-077,neutral,13.28474228,14.13214818
centered,politeness-refusal-077,positive,10.20540292,-25.96898075
centered,politeness-refusal-080,negative,-31.27477662,3.465425123
centered,politeness-refusal-080,neutral,5.643891792,-0.6241652532
centered,politeness-refusal-080,positive,25.63088483,-2.841259869
centered,politeness-refusal-083,negative,-28.40432068,-3.91525277
centered,politeness-refusal-083,neutral,7.754892459,14.7090566
centered,politeness-refusal-083,positive,20.64942822,-10.79380383
centered,politeness-refusal-090,negative,-32.012531,-0.5993138523
centered,politeness-refusal-090,neutral,15.57793971,6.956925111
centered,politeness-refusal-090,positive,16.4345913,-6.357611259
centered,politeness-reminder-017,negative,-19.77500117,0.325925398
centered,politeness-reminder-017,neutral,12.5609732,20.83114425
centered,politeness-reminder-017,positive,7.214027967,-21.15706965
centered,politeness-reminder-018,negative,-46.48870888,-5.971569853
centered,politeness-reminder-018,neutral,16.53302735,23.50867462
centered,politeness-reminder-018,positive,29.95568154,-17.53710477
centered,politeness-reminder-019,negative,-34.21033992,-4.389285948
centered,politeness-reminder-019,neutral,8.378079587,17.1432778
centered,politeness-reminder-019,positive,25.83226034,-12.75399185
centered,politeness-reminder-021,negative,-33.38140431,5.117774213
centered,politeness-reminder-021,neutral,16.24801923,11.42776011
centered,politeness-reminder-021,positive,17.13338508,-16.54553432
centered,politeness-reminder-079,negative,-38.10675447,-2.585013834
centered,politeness-reminder-079,neutral,15.50342646,15.80835
centered,politeness-reminder-079,positive,22.60332801,-13.22333617
centered,politeness-reminder-094,negative,-33.95451624,7.751863175
centered,politeness-reminder-094,neutral,25.1795753,7.895817158
centered,politeness-reminder-094,positive,8.774940935,-15.64768033
centered,politeness-request-001,negative,-37.57546032,13.40194543
centered,politeness-request-001,neutral,20.34387092,7.537766029
centered,politeness-request-001,positive,17.2315894,-20.93971146
centered,politeness-request-006,negative,-46.65157794,25.03234356
centered,politeness-request-006,neutral,25.84649082,-14.0482773
centered,politeness-request-006,positive,20.80508712,-10.98406625
centered,politeness-request-025,negative,-17.4715692,12.47427579
centered,politeness-request-025,neutral,6.12823347,-11.38079671
centered,politeness-request-025,positive,11.34333573,-1.093479074
centered,politeness-request-029,negative,-43.91842084,15.86124207
centered,politeness-request-029,neutral,16.02245553,-11.80501443
centered,politeness-request-029,positive,27.89596531,-4.056227636
centered,politeness-request-031,negative,-39.05211418,-10.19248168
centered,politeness-request-031,neutral,19.67692913,12.00468938
centered,politeness-request-031,positive,19.37518505,-1.812207698
centered,politeness-request-037,negative,-31.53512071,-3.107973883
centered,politeness-request-037,neutral,10.0883186,8.247787151
centered,politeness-request-037,positive,21.4468021,-5.139813267
centered,politeness-request-053,negative,-23.44256243,19.83647842
centered,politeness-request-053,neutral,13.2635113,-5.594142357
centered,politeness-request-053,positive,10.17905113,-14.24233606
centered,politeness-request-056,negative,-4.338803771,-18.84265803
centered,politeness-request-056,neutral,-2.845010836,4.65786914
centered,politeness-request-056,positive,7.183814608,14.18478889
centered,politeness-request-061,negative,-32.24529012,-19.45982574
centered,politeness-request-061,neutral,10.33333904,3.888194812
centered,politeness-request-061,positive,21.91195108,15.57163093
centered,politeness-request-074,negative,-19.73868945,0.1767229825
centered,politeness-request-074,neutral,7.374900639,22.29324326
centered,politeness-request-074,positive,12.36378881,-22.46996624
centered,politeness-request-093,negative,-14.49800983,-2.404201198
centered,politeness-request-093,neutral,-0.9803243069,15.69629838
centered,politeness-request-093,positive,15.47833413,-13.29209718
centered,politeness-request-097,negative,-44.75969427,19.15195696
centered,politeness-request-097,neutral,23.44513841,9.064099363
centered,politeness-request-097,positive,21.31455587,-28.21605633
