sim,step_cosine,midpoint_residual
0,-0.2554902763,0.6272028175
1,0.8876388106,0.1476670655
2,0.9628445961,0.0747522848
3,0.9083940436,0.110305219
4,0.1589061256,0.4264036765
5,0.3861118261,0.3369418819
6,0.814873976,0.1598739923
7,0.7739935282,0.1964479589
8,0.4191708758,0.3822106671
9,0.7599120754,0.1980110163
10,0.8804596869,0.1475603383
11,0.7649878398,0.2335533094
12,0.6783398215,0.2197486692
13,0.7685162234,0.1940507701
14,0.3504597412,0.3471885226
15,0.8493982099,0.1506359616
16,0.9393573781,0.09204138963
17,-0.1177742343,0.5484031063
18,0.956330117,0.0748017238
19,0.8974086631,0.1179168587
20,0.9563380956,0.08015144205
21,0.9802783806,0.05964861389
22,0.9037566461,0.1165393914
23,0.8388888338,0.1480660449
24,0.9190668747,0.1043035796
25,0.6145152663,0.2574968699
26,0.2804345629,0.3787192428
27,0.486086519,0.2969828751
28,0.05003206196,0.4757572291
29,0.635335037,0.2361178511
30,0.918669994,0.1112885211
31,0.651724452,0.2295952049
32,0.8278929448,0.1542296088
33,0.9143072366,0.1171053263
34,0.9473526832,0.09189819766
35,0.9650544169,0.07684316273
36,0.8711181306,0.1338655317
37,-0.3466046878,0.7022040477
38,0.9340980363,0.09229576181
39,0.9316035813,0.1267804166
40,0.4195247813,0.3342602392
41,0.1747874137,0.4225761045
42,0.2024800789,0.4136466172
43,0.6040893342,0.2738424344
44,0.300470031,0.401642255
45,0.984328733,0.05278023821
46,0.9032089359,0.1188638552
47,0.921527359,0.1019126241
48,0.6624235447,0.2266630542
49,0.6216429785,0.2418563118
50,0.9693296095,0.06709395886
51,0.7721132648,0.1837315339
52,0.4019377646,0.3399656909
53,0.5349228798,0.2787038368
54,0.8890711156,0.1359228743
55,-0.1195871382,0.5634488835
56,0.9426617101,0.1147756982
57,0.4423030441,0.3187688141
58,0.6888353484,0.280492713
59,0.9336117618,0.09377367175
60,0.9791321839,0.05719915424
61,0.8770241152,0.1282208671
62,0.5234109247,0.3144377629
63,0.890798936,0.199924379
64,0.1479126436,0.4384641163
65,0.3736200718,0.3717909905
66,0.7390357304,0.1938094867
67,0.9070431992,0.1103915718
68,0.7219089355,0.2059679439
69,0.8620764879,0.176718964
70,0.8107408007,0.1676337959
71,-0.185690046,0.5986353533
72,0.8606754709,0.1523254267
73,0.7892661145,0.1717177648
74,0.6219614952,0.2417047443
75,0.9445480532,0.08462602522
76,0.8445056504,0.1605673907
77,0.2893476521,0.3885977194
78,0.9390667933,0.09421775122
79,0.5850688895,0.265015825
80,0.9130549621,0.1518422225
81,0.4842058871,0.2947960627
82,0.2370949753,0.4256808867
83,0.8418280114,0.1466029753
84,0.5415509019,0.2738033658
85,0.6272389793,0.2797306132
86,0.05132068489,0.4753388547
87,0.6983379025,0.2116470276
88,0.2046319946,0.4140193161
89,0.3685575973,0.3431482161
90,0.6757634035,0.2449329473
91,0.7404375254,0.2058375651
92,0.9657689579,0.1039608736
93,0.3811570297,0.3354311831
94,0.9516120599,0.1030615372
95,0.7010272178,0.2268313424
96,0.9179382421,0.1144055915
97,0.9161672275,0.1080957063
98,0.06094742222,0.4712180785
99,0.9683847703,0.07566837654
100,0.6718416054,0.2320392335
101,0.8172930377,0.1990632637
102,0.8843628345,0.1267230926
103,-0.08549372799,0.5382671413
104,0.8856804646,0.1356670808
105,0.9099340935,0.1815192529
106,0.6820272497,0.3005076299
107,0.3386408432,0.3571887117
108,0.7897140878,0.2358450873
109,-0.04152035705,0.5176782751
110,-0.01551131839,0.5071569912
111,0.8029682936,0.1818128105
112,0.7018795186,0.2816361063
113,0.982824856,0.04891826611
114,0.968992725,0.0650284559
115,0.4443580606,0.324337337
116,0.986764816,0.04880280679
117,0.9020836818,0.1296573002
118,0.9389063852,0.0889356729
119,0.8522517175,0.1465030958
120,-0.05838809397,0.5300972803
121,0.5033269776,0.3454802028
122,0.8886756816,0.1239451267
123,0.5681522378,0.262433174
124,0.907467683,0.1102189386
125,0.4995131799,0.2922137888
126,0.7693669348,0.1810843382
127,0.4313240227,0.3186076876
128,0.8961291953,0.1369904239
129,0.8759924812,0.1438438463
130,0.9294701589,0.09603989975
131,0.9392661071,0.1036735273
132,0.1239481431,0.4476585238
133,0.7255649393,0.2020088563
134,0.2438418669,0.4089019034
135,0.8070368549,0.1729534934
136,0.9543997641,0.08664502477
137,0.8484047375,0.1592021725
138,0.3950016833,0.3377137867
139,0.9061394711,0.1198212431
140,0.8929796198,0.161394909
141,0.5728879614,0.2615536431
142,0.8147804012,0.2457870907
143,0.9324718791,0.09480579788
144,0.9557746044,0.07528158385
145,0.9022490794,0.114233623
146,0.632018146,0.2595190496
147,0.5608813046,0.2657879514
148,0.2867540432,0.3883152942
149,0.2368097836,0.4038985311
150,0.9496430514,0.0804952217
151,0.8836301999,0.1262055891
152,0.2245675804,0.3978869236
153,0.8913645097,0.1636134894
154,0.9709210631,0.09466781692
155,0.7839225026,0.1786004798
156,0.6913397693,0.2199631376
157,0.7786313469,0.2085480557
158,-0.2854954253,0.6706326462
159,0.8482353706,0.1584349871
160,-0.3342647946,0.6630590316
161,0.9369661401,0.09168988966
162,0.414068488,0.3567173943
163,0.910699338,0.1106492141
164,0.9550303509,0.07583704797
165,0.8906973942,0.1256516443
166,0.9103244019,0.1427588184
167,0.02648882143,0.4884607112
168,0.2365747593,0.4055523325
169,0.8593443258,0.1553132729
170,0.7421233067,0.2075250131
171,0.9223455601,0.1464882948
172,0.6061941683,0.3124389636
173,0.7133941982,0.2048558381
174,0.738995596,0.2125041805
175,0.5709246251,0.2671636785
176,-0.1410694996,0.5659640272
177,0.4601960196,0.3042472931
178,0.9301204871,0.09660248025
179,-0.380723995,0.7431660412
180,0.7249279444,0.2098859364
181,0.8220749854,0.157044517
182,0.9055338146,0.1177786368
183,-0.3551156571,0.7159903375
184,0.5612504296,0.3150523213
185,0.6058720726,0.2588655367
186,0.7181372979,0.3250812389
187,0.5429382974,0.2722290308
188,0.5020812369,0.2882640701
189,0.6109182657,0.2459645831
190,0.8958619304,0.1171871992
191,0.9402247983,0.08950581375
192,0.9264431184,0.121506894
193,0.6914440189,0.2492664415
194,0.9543847459,0.08799627119
195,0.2544256529,0.3923551541
196,0.9545151709,0.07729446112
197,0.6173059845,0.2584062707
198,0.4757536999,0.3145195235
199,0.7189221104,0.2110372439
200,0.8132283656,0.2333427206
201,0.9565320579,0.07872436613
202,0.8757337265,0.132623621
203,0.6913065778,0.2524134964
204,0.9582609126,0.07931910119
205,0.8029876501,0.1655735105
206,0.9010131239,0.1141113427
207,0.6392720607,0.2406397751
208,0.8699842688,0.2142846488
209,0.9271318066,0.09724134586
210,0.4040774085,0.3258316751
211,0.6245361857,0.2646432126
212,0.9016819643,0.1326448878
213,0.331250913,0.3549838951
214,0.4460556833,0.3300550831
215,0.8953933237,0.1363845747
216,0.8684025408,0.1362386492
217,0.9060371609,0.1113995251
218,0.04709859782,0.4778065362
219,0.514653166,0.308857571
220,0.8914508537,0.1382933757
221,0.8582198715,0.1383972073
222,-0.01432166724,0.5071428768
223,0.7010466043,0.2201324566
224,0.9454685321,0.08571666641
225,0.9343187779,0.09268653696
226,0.8771449198,0.1702031259
227,0.7919266105,0.1937297286
228,0.8207513884,0.1787917368
229,0.8880943236,0.1417872193
230,0.924652977,0.09916944558
231,0.9014511855,0.1237490544
232,-0.1759177895,0.5928793928
233,0.5218087513,0.2891717668
234,0.5308468511,0.3018327171
235,0.6323923392,0.2569188045
236,0.7759360198,0.186162923
237,0.8692243169,0.1558046323
238,0.9088151496,0.1092902494
239,0.7944543732,0.1875897977
240,0.342737459,0.3585398793
241,-0.2592628655,0.6471766427
242,0.4668468471,0.3014557674
243,-0.1076078667,0.5532107784
244,0.5336045004,0.3282989936
245,0.9140921186,0.1351145546
246,0.9631687338,0.0885828612
247,0.1674504321,0.4222527798
248,0.7586160858,0.1870858737
249,0.9526510661,0.1220357793
250,0.9027329123,0.1157053646
251,0.933428943,0.09388269657
252,0.9613367399,0.08152627641
253,-0.08225409742,0.540710715
254,0.8878960927,0.1226500428
255,0.525676778,0.2789829707
256,0.535235153,0.2816615075
257,0.7833803892,0.179606316
258,0.9040400694,0.1244941157
259,0.9339670877,0.09254262393
260,0.2281337337,0.3966680558
261,0.573783609,0.288056419
262,0.9178295167,0.1095809701
263,0.3580853774,0.3929253618
264,0.9576312596,0.104395372
265,0.6608040504,0.2413355527
266,0.9012884523,0.1182978241
267,0.9505349871,0.08114872161
268,0.9160615735,0.1046775978
269,0.9199796695,0.1418817642
270,0.9030542914,0.1129051768
271,0.9553576509,0.0858991604
272,0.9108316935,0.1085185343
273,0.6821958582,0.3003626431
274,0.9451462975,0.08479698664
275,0.4912593229,0.2965038036
276,0.4134408671,0.322248956
277,0.8852911771,0.1295265865
278,0.1956081221,0.4106405384
279,0.8886588641,0.1376635191
280,0.8925084833,0.1202118058
281,0.9313714847,0.1021859531
282,0.1017850479,0.458359497
283,0.6783697094,0.2195611605
284,0.8823572161,0.140093165
285,0.9320708178,0.09412137682
286,0.9110090311,0.1299569678
287,0.1669533262,0.4321045527
288,0.4216710759,0.3360629132
289,0.7515805991,0.1895317242
290,-0.1271693852,0.5681900895
291,0.6738486715,0.2224381063
292,0.9486633399,0.09054384476
293,0.9074384281,0.1569390826
294,0.7757367502,0.1991046944
295,0.7781584104,0.2518975138
296,-0.1100691529,0.5577042871
297,0.6818855819,0.218755066
298,0.8536787519,0.1405138442
299,0.7225078476,0.2044531625
300,0.9644544648,0.08117530373
301,-0.1972010499,0.6019224777
302,-0.3566882339,0.7143261853
303,0.9011728296,0.1151495506
304,0.6078951266,0.3148963739
305,0.7639088893,0.217704693
306,-0.355398084,0.7249315745
307,0.969938803,0.06198248632
308,0.229055709,0.3964804634
309,0.9508357421,0.08068311462
310,0.8723692337,0.1316152489
311,-0.07399085436,0.5325718101
312,0.6385365462,0.2556997051
313,0.4724069483,0.302397773
314,0.9470224453,0.0846503941
315,0.8156998328,0.164369329
316,0.824974136,0.1549134311
317,0.8639943452,0.1350694981
318,0.5986180804,0.2543992849
319,0.6248024425,0.2430390738
320,0.7082632239,0.2087080114
321,0.6359253684,0.2630165082
322,-0.1497828585,0.5791518534
323,0.4060010259,0.3273772723
324,0.2549527806,0.4337733126
325,0.7250712656,0.2058237507
326,0.8387217552,0.1890314823
327,0.9518731354,0.08118690168
328,0.9211833078,0.1012853411
329,0.8473608313,0.1651234857
330,0.5614183161,0.3130831704
331,0.7447418937,0.2238883149
332,0.8431605228,0.1511843464
333,0.4641954314,0.3202812419
334,0.8945840143,0.1259830801
335,0.9012195906,0.1139839126
336,0.9422875439,0.08627251701
337,0.4167198198,0.3209577924
338,0.5115715702,0.2868614882
339,0.6847303461,0.2233672362
340,0.2986877585,0.3687933427
341,-0.5933982379,0.9888893208
342,0.9366838479,0.1039516266
343,0.8342583113,0.1505784322
344,0.6953880778,0.227367106
345,0.7479066442,0.219632175
346,-0.1421673039,0.5766490416
347,-0.1660172683,0.5884983281
348,0.6123632294,0.2460151966
349,0.9499009049,0.1046565286
350,-0.359341705,0.7269933785
351,0.9474923564,0.08310362322
352,0.9502886191,0.08171501972
353,0.6451656716,0.274724214
354,0.8711892935,0.1414684798
355,0.9467636227,0.1052582743
356,0.3926457163,0.3448439269
357,0.6354733059,0.3108150292
358,0.9208591195,0.1017093753
359,0.7409045615,0.1931032731
360,0.9598442991,0.09686240953
361,0.9189187217,0.1148004516
362,0.6275970206,0.2749921577
363,0.2316269944,0.4003847328
364,0.8154069483,0.1759620696
365,0.9037683747,0.1161611489
366,0.9796933394,0.05271722557
367,0.5999797334,0.2729491353
368,0.4189481799,0.3236855514
369,0.7470758513,0.2024435151
370,0.3461828052,0.3488677176
371,0.2970444105,0.3705668602
372,0.9451770181,0.08394692406
373,0.9449951933,0.08573819331
374,0.942844043,0.08577423902
375,0.9600008563,0.1133134015
376,0.8843296067,0.1253008447
377,0.003997996104,0.4982078591
378,0.9223055721,0.11367872
379,0.8851104117,0.1355599971
380,0.5801082932,0.2726195511
381,0.5559349081,0.2729094559
382,0.9497425196,0.08143562265
383,0.8881341397,0.1222581236
384,0.04793992546,0.4794531667
385,0.9676632999,0.07794800289
386,0.8496906577,0.14261004
387,0.967795526,0.06614215755
388,0.7521022229,0.2128743826
389,0.9111116503,0.118439975
390,0.8796019836,0.1513797986
391,0.9134242979,0.1556476766
392,0.9804675982,0.05060900977
393,0.9850152021,0.05017019852
394,0.2034670341,0.4254893667
395,0.7793763234,0.1761495018
396,-0.003304248258,0.5016461883
397,0.7501135318,0.2023941809
398,0.861096761,0.1365999889
399,0.8047719586,0.1691341408
400,0.4591868292,0.3526955717
401,0.9600225433,0.07217684979
402,0.6261199596,0.2479154275
403,0.6892969172,0.2192862864
404,0.3206303382,0.3604000266
405,0.9629428741,0.07110129149
406,0.9248866205,0.1197486659
407,0.8846832634,0.1630912744
408,0.9461169632,0.1094386744
409,0.2794673816,0.4021867115
410,0.7875257789,0.1741204146
411,0.9209543769,0.1091901524
412,0.9443990042,0.1129587723
413,0.7414636914,0.215448666
414,0.7283556139,0.267203044
415,-0.07837077027,0.5391690728
416,0.8359735353,0.1708343175
417,0.8065574635,0.173045508
418,0.9482383892,0.09760032133
419,0.6211879966,0.2513397409
420,0.8539319832,0.2063091869
421,0.929593779,0.0960782708
422,0.9165240415,0.1050601228
423,0.3684684996,0.357803183
424,0.7909104018,0.1709310242
425,0.8155444705,0.1609738026
426,-0.1630022048,0.5803065823
427,0.589495611,0.2707602018
428,0.9588612862,0.08082408794
429,0.8772902345,0.1385750763
430,0.6444557211,0.2434672539
431,0.2882394947,0.3736194652
432,0.8027126043,0.1666190414
433,0.7495391528,0.2557117355
434,0.8851134295,0.1235109636
435,0.6864078734,0.2329449806
436,0.7747426766,0.1792279335
437,0.551052934,0.2943110178
438,-0.1797205838,0.5979506445
439,-0.3474873604,0.6832757006
440,0.726007465,0.1996518483
441,0.8968063905,0.1633890104
442,0.8979411217,0.1213035568
443,-0.02409292802,0.5119142656
444,0.9403693427,0.09787037311
445,0.7717368054,0.1857819965
446,0.7655877507,0.2437574001
447,0.7434996853,0.2132887206
448,0.402017514,0.3300272895
449,0.6072220487,0.2583422764
450,0.3881001568,0.3336733946
451,0.972409788,0.06064040354
452,0.9492029126,0.09606478414
453,0.4813131897,0.3063065955
454,0.97284828,0.06352556711
455,-0.1844731019,0.6015524366
456,0.986160004,0.04599605809
457,0.9086824496,0.1306103445
458,0.8620198107,0.1491050262
459,0.1813378453,0.4208002581
460,0.9394160059,0.1237773692
461,0.9379630515,0.09862721746
462,0.4385928631,0.3151902794
463,0.1876672286,0.413827176
464,0.9036018788,0.1732999049
465,0.04707147008,0.482334634
466,-0.1215793256,0.5642441209
467,0.8961992383,0.1204469396
468,0.9084027236,0.1165042282
469,0.9431217287,0.1218929765
470,0.2001245976,0.4099262655
471,0.7988179521,0.1795898217
472,0.5681271979,0.2719772803
473,0.7864465625,0.2056774111
474,0.9227304819,0.1101247547
475,0.7244436931,0.229016739
476,0.7364589015,0.2055801787
477,0.6744004805,0.2205697984
478,0.7466106886,0.1975134857
479,0.945751933,0.08431755628
480,-0.05439071999,0.5266104263
481,0.5716211579,0.2619128476
482,0.7942333796,0.1707273294
483,0.3160125344,0.3705474135
484,0.7242712143,0.2693940342
485,0.9160809191,0.1192522701
486,0.6645811655,0.2277692659
487,0.8754827329,0.1417747811
488,0.4957226311,0.2928116085
489,0.9384950205,0.09453674466
490,0.9648617395,0.07210180786
491,0.0290131166,0.4881671932
492,0.8774069746,0.1544852915
493,0.04615592355,0.4822947366
494,0.9531289133,0.1020797605
495,0.9355261215,0.09196449015
496,0.5753097755,0.2713118443
497,0.3208506504,0.3785511052
498,-0.1381578847,0.566545304
499,0.5003903427,0.3072204412
500,0.9134166277,0.1150497112
501,-0.2259296811,0.6247535668
502,0.4133092777,0.3399257035
503,0.4832969589,0.3068911456
504,0.9055631699,0.119389959
505,0.9251070212,0.1106850399
506,-0.2626184097,0.6276105235
507,0.7052583139,0.2311698817
508,0.06905825556,0.4676414805
509,0.28538358,0.385866917
510,0.5084515745,0.3595899307
511,0.8847059381,0.1660684525
512,0.9064977414,0.1114388855
513,0.2674086618,0.3818528389
514,0.8628672551,0.1593541784
515,0.8593019105,0.1895286931
516,0.1962468982,0.4270772709
517,0.3734911823,0.382433295
518,-0.01315319106,0.506137846
519,0.8936412433,0.1226055707
520,-0.4057145082,0.7427334905
521,0.8848843205,0.1239317531
522,-0.4355321845,0.7942371031
523,0.5698753605,0.2831782702
524,0.9150002877,0.1061781726
525,0.4042601737,0.3278459081
526,0.8630209087,0.1355778945
527,0.9770753726,0.05576960174
528,0.5520164715,0.3205785732
529,0.8779173468,0.1387589911
530,0.8618058415,0.1427006747
531,-0.1398108379,0.5596290279
532,0.9036621809,0.114645968
533,0.8619076525,0.13697834
534,-0.3254386566,0.679441926
535,0.1682524542,0.424125492
536,0.592366223,0.2529901162
537,0.0510014482,0.4751886443
538,0.3598171409,0.3490742021
539,0.4149285489,0.362291868
540,0.7351917289,0.1959888304
541,0.9560055716,0.08770289214
542,0.09233984508,0.4576674662
543,0.9073342857,0.1106490248
544,0.9077207405,0.1146805127
545,0.9260793395,0.1053006663
546,-0.2883950053,0.6597214272
547,0.8752646906,0.1421118634
548,0.9059182317,0.1144145539
549,-0.2360263625,0.602530484
550,0.7413563052,0.2416163214
551,0.9541523386,0.07780125281
552,0.5537476521,0.2706964109
553,0.9245098748,0.09902755856
554,0.5632114277,0.3445490746
555,0.9404891045,0.08769398984
556,0.9646429058,0.06708100039
557,0.937558017,0.09518005109
558,0.9365616012,0.1111542483
559,0.6839192426,0.2188962963
560,0.9027548966,0.1384569276
561,0.60403431,0.2766139705
562,0.8283902347,0.1854571858
563,0.9728937367,0.06035251541
564,0.8072325839,0.1644111886
565,0.3565157685,0.3649876221
566,-0.6412429162,1.008756802
567,0.6489600982,0.271199593
568,0.7437636711,0.2039846286
569,0.8001787343,0.1791440471
570,0.9576723843,0.07414840996
571,0.9803280483,0.05518859549
572,0.05458214859,0.4734305663
573,0.9043123429,0.115347361
574,-0.3067291849,0.6780040773
575,0.9813859277,0.07355968251
576,0.382941537,0.3341105124
577,0.9299846614,0.1046850933
578,0.03358470804,0.4845419264
579,0.4377200777,0.3129692133
580,0.9299047345,0.1141732216
581,0.8909715158,0.1490981573
582,-0.2648002036,0.6487030956
583,0.5107376158,0.2851129301
584,0.7368935998,0.2176529076
585,0.4281989834,0.3169088704
586,0.6059830247,0.348574935
587,0.06999259717,0.4661492138
588,0.6232110536,0.2610790974
589,0.7540191541,0.2695796646
590,0.9442637024,0.09928202407
591,0.8474438547,0.1673717806
592,0.770444111,0.2344652251
593,0.9686738817,0.06660193492
594,0.9411024451,0.08868109158
595,0.3529050675,0.3924400891
596,0.9333971591,0.09581452535
597,0.7708835182,0.2578874631
598,0.834405186,0.2066111633
599,0.7110632366,0.2430204326
600,0.928260044,0.09770522769
601,0.7255099189,0.2436749932
602,0.5613489983,0.3343731601
603,0.9458000588,0.08824597843
604,0.7342872089,0.1974288132
605,0.9801160975,0.06748395259
606,0.4331105764,0.3145382331
607,0.7418012286,0.216135112
608,0.9229785649,0.2002350618
609,0.9498655985,0.08055582611
610,0.09494487469,0.4596876418
611,0.8513116989,0.1637574294
612,0.874184123,0.1717624652
613,0.543403932,0.2861964036
614,0.8871440592,0.1291616136
615,0.5298995631,0.2803868636
616,0.9690761088,0.06334268749
617,0.4233444436,0.3433804644
618,0.9329873562,0.111968159
619,-0.3477009505,0.7185045998
620,0.8520271859,0.1443624918
621,-0.1190545179,0.5547000841
622,0.9752273958,0.05803358924
623,0.9617139873,0.0748672467
624,0.67653751,0.2205605742
625,0.9097822678,0.1152647114
626,0.7694344629,0.1806294131
627,0.3705087437,0.3491822907
628,0.8766047181,0.150294119
629,0.9100128366,0.1136979505
630,0.9217972205,0.1014222767
631,0.4276675054,0.3230359367
632,0.04678176597,0.4835455548
633,0.9484656401,0.1106393734
634,0.9191323867,0.1254664565
635,0.8964820348,0.1314412111
636,0.9413202853,0.09246491581
637,0.4263714553,0.3179585398
638,0.9021067819,0.1226321691
639,0.7148080617,0.227089872
640,0.7775080732,0.2346251412
641,0.8495771227,0.1904338116
642,0.9275658759,0.1166215118
643,0.3259990843,0.3901186506
644,-0.09409592516,0.5492076041
645,0.9300466596,0.09802385823
646,0.02868463521,0.4858616017
647,0.9682417185,0.06858741374
648,0.9440098195,0.08493291413
649,0.3747277638,0.352199943
650,0.9470914628,0.08504949451
651,0.9634636842,0.06844123711
652,0.4446440687,0.3109732851
653,0.708199747,0.2090300198
654,0.9656077083,0.07409336026
655,0.9348593105,0.09490996671
656,0.2731598823,0.4220087676
657,0.6696340364,0.2481009793
658,0.250383054,0.3931638912
659,0.8570294526,0.1411347365
660,0.9676396494,0.06849008464
661,0.5208152357,0.300344626
662,0.8347600335,0.1569675156
663,0.5459580556,0.2774807954
664,0.8093422192,0.183850686
665,0.6912475226,0.2148388409
666,0.9570052517,0.0743685383
667,-0.6413563481,1.068600172
668,0.8370608613,0.1526843103
669,-0.147707122,0.5515897875
670,0.6394759897,0.2355946803
671,0.1939645779,0.4151867653
672,0.2388312526,0.3933890158
673,0.6471011653,0.2317898076
674,0.9655274908,0.1016054031
675,0.4894423359,0.2971468551
676,0.7316898613,0.2009675909
677,0.5804750045,0.2647395617
678,0.2264165601,0.4008048578
679,0.471744755,0.3136743866
680,0.9501516254,0.1026794216
681,0.1568566767,0.4453596169
682,0.5664027967,0.282008881
683,0.8182288637,0.2179985648
684,0.2712042336,0.4226633193
685,0.1409748177,0.4345893296
686,0.6995888917,0.2122964745
687,0.9481998615,0.1060298975
688,0.9598259273,0.07962559385
689,-0.1161773116,0.5541219075
690,0.8843551192,0.1343292665
691,0.5041797263,0.2880595758
692,0.5660534052,0.2773300324
693,0.09234287939,0.4614535873
694,0.6342557084,0.2401135996
695,0.902598086,0.1132676696
696,0.8649658063,0.1438247491
697,0.7163103855,0.282429918
698,0.5977870139,0.2873402418
699,0.8426500635,0.1663862963
700,-0.121702288,0.5558769815
701,0.9446574006,0.0891189466
702,0.524081748,0.28415892
703,0.9386951346,0.1024590575
704,-0.1057905016,0.5452603189
705,0.8238806842,0.2058816013
706,0.9584364992,0.1008359839
707,0.9342950832,0.09464906442
708,0.8546832908,0.1560236311
709,0.8202392071,0.1584085129
710,0.8633520023,0.1362951804
711,0.9669512262,0.0659218531
712,0.7711314565,0.2400687506
713,0.8239911948,0.1592371574
714,0.9785101718,0.07553253698
715,0.9422772229,0.08619936938
716,0.9059878724,0.1284194659
717,0.9281599083,0.09653594777
718,0.2658809177,0.3870701148
719,0.6501917205,0.2305916904
720,0.8281178274,0.1646251561
721,0.4848390431,0.3185253972
722,0.9191383026,0.1059911454
723,0.9472929875,0.08730860642
724,0.8171115,0.1609031513
725,0.9021141834,0.1181388497
726,0.5901541166,0.2606403833
727,0.3811461534,0.3352291794
728,0.838069393,0.1486373802
729,0.9374288026,0.09004692608
730,-0.3163556139,0.6740852139
731,0.8483183254,0.1729065998
732,0.9598582938,0.07314751972
733,0.915519788,0.1288693231
734,0.6935777275,0.2148707681
735,0.8613289304,0.2199528388
736,0.9342558475,0.09862869262
737,0.8322348358,0.2067414466
738,0.661318145,0.2302003773
739,0.9612520495,0.07044783178
740,0.8795134742,0.1289256862
741,0.9301857119,0.1196038215
742,0.9286237388,0.09692302097
743,0.1714960031,0.4304655018
744,0.8942968557,0.1183631878
745,0.9396626361,0.1085602671
746,0.9291267454,0.1037089518
747,0.8364532316,0.1500560727
748,0.8357063865,0.1497509357
749,0.4560040064,0.3201848724
750,0.2021551026,0.4077451202
751,0.9354031163,0.09315995831
752,-0.08690224084,0.543840142
753,-0.02961997604,0.5137675149
754,0.6240932416,0.270693742
755,0.2558828512,0.4026402709
756,0.188163349,0.4176691244
757,0.5835922169,0.2720277485
758,0.4329192207,0.317567464
759,0.9553199365,0.08700355926
760,0.9352151934,0.09344407328
761,0.8528088482,0.1441406394
762,0.8123126668,0.1611721888
763,0.778719783,0.1802880584
764,0.7682689745,0.1810715958
765,0.9721892847,0.06475069222
766,0.3748648764,0.361623293
767,0.9337033972,0.09715201773
768,0.9050684132,0.1175422011
769,0.4763878459,0.334219965
770,0.4235629365,0.3224523807
771,0.6253983718,0.2415837529
772,0.5138712048,0.2869079926
773,0.6764865049,0.2221516538
774,0.8576344861,0.1766086165
775,0.01469677212,0.4936015282
776,0.07394408449,0.4643641716
777,0.01534473627,0.49245106
778,0.8198943192,0.1793723307
779,0.9486860186,0.08125948161
780,0.7789816284,0.1886151778
781,-0.08596372124,0.5389431762
782,0.9027827505,0.1178684859
783,0.8990985336,0.1335540798
784,0.2925898598,0.3763579733
785,0.9760207398,0.0560737015
786,0.9390693871,0.08907901853
787,0.8617126454,0.1638927439
788,0.6481366095,0.2310264517
789,0.8247587156,0.2324471934
790,0.9513427971,0.08376116146
791,0.5855290921,0.2918104264
792,0.7520109451,0.1881346934
793,0.2426099732,0.402597011
794,0.7074418758,0.2180248739
795,0.6654734134,0.2242430434
796,0.4820533849,0.2967363043
797,0.3721968294,0.3489731431
798,0.05259977809,0.4841127689
799,0.5654147057,0.263514638
800,0.9852505236,0.04850557771
801,0.8117735853,0.2578955258
802,0.8507368448,0.212193169
803,0.1530346644,0.4389276124
804,0.6172813633,0.246030664
805,0.9344156471,0.09228268761
806,0.7439929587,0.2331583794
807,0.7350746609,0.1995495894
808,0.9093909211,0.1282826808
809,0.9628270367,0.07896819555
810,0.1594756104,0.4420749779
811,0.9666447437,0.07777588534
812,0.2191150738,0.4230907273
813,-0.364937516,0.7322003497
814,-0.09559994727,0.5503056298
815,0.9269036481,0.116475267
816,0.07204551662,0.4698191841
817,0.3217878997,0.3581672912
818,0.9389191584,0.08987413255
819,0.9522507916,0.08200808284
820,0.7599565013,0.1848521758
821,0.9520422976,0.08865147191
822,0.7868906083,0.20303675
823,0.9177505355,0.1120772981
824,-0.05121986221,0.5216876095
825,0.7265926001,0.2132387843
826,0.8986919899,0.1236005805
827,0.986281199,0.04412031689
828,0.7866226825,0.1855659921
829,0.9147791051,0.1057906061
830,0.6898119881,0.2158730949
831,0.8404955389,0.1986261095
832,0.6210768481,0.2905782336
833,0.8011142186,0.1667137421
834,0.7913342017,0.2224460638
835,0.3712400701,0.3493725851
836,0.9411523798,0.0871677167
837,0.9385311466,0.09672387942
838,0.6786804974,0.2455634165
839,0.6409549457,0.2338822387
840,-0.7183611589,1.219488674
841,0.9328637734,0.09977711982
842,0.9056397069,0.1389920644
843,0.7655763639,0.2025474315
844,0.6573071442,0.2599427295
845,0.8220786398,0.22451513
846,0.9119619562,0.1076086047
847,0.8671358227,0.1509604077
848,-0.2442199932,0.6413486357
849,0.481233468,0.2986341602
850,0.4351607829,0.3136822531
851,0.7225662031,0.282180782
852,0.1387865956,0.4453736544
853,-0.2863645436,0.6711969329
854,-0.3176841734,0.6594856089
855,-0.09507371154,0.5489182217
856,-0.04161913472,0.5212611519
857,0.9354369322,0.09694178075
858,0.2288815043,0.4126979336
859,0.9615970117,0.07784882207
860,0.1479107943,0.4310561781
861,0.7327268073,0.227869877
862,0.9240030612,0.1882892911
863,0.8117625524,0.1648255236
864,-0.3037419079,0.6746872654
865,0.4502313602,0.318332797
866,0.8130099579,0.2005880231
867,0.9537714374,0.07692343779
868,0.7770555657,0.1944194018
869,0.7895892122,0.1715588218
870,0.04437475882,0.4783319068
871,0.4110312073,0.3329505608
872,0.9474052622,0.08281323411
873,0.8635169384,0.159701872
874,0.2391283912,0.4038822904
875,0.3745375736,0.3398367126
876,-0.2838519096,0.6383079563
877,0.07211044029,0.4668144065
878,0.8437946015,0.1473510414
879,-0.1756897673,0.5834763406
880,0.08652561825,0.463045194
881,0.9021466117,0.1164313484
882,0.884549781,0.1344370193
883,0.5957466584,0.2715225885
884,0.7117889275,0.2581816256
885,-0.6122483667,0.874278335
886,0.5635138986,0.3077506951
887,0.9210463049,0.1057213999
888,0.6268542874,0.3397495389
889,0.9049736829,0.1448304041
890,0.9664718765,0.090597011
891,-0.2582047743,0.6096678009
892,0.7986231372,0.170433531
893,0.01037338194,0.4948800756
894,0.2546433019,0.385697583
895,0.9578543358,0.07697161659
896,0.9418804725,0.08689636938
897,0.9352357584,0.09792063419
898,0.7432501799,0.2292749552
899,0.9510617341,0.07918924179
900,0.9246986407,0.1014627002
901,0.8736788118,0.1589636742
902,-0.2467468933,0.6406560089
903,0.842632593,0.1616102338
904,0.122687598,0.4426407878
905,0.5881936195,0.2696793247
906,0.9517562601,0.1006559447
907,0.7895300561,0.1714955511
908,-0.1366951094,0.5704894707
909,0.9302912834,0.104640562
910,0.9253408381,0.09920637567
911,0.9772130607,0.06296195417
912,0.9622217391,0.07949000024
913,0.9094407263,0.10931074
914,0.802371151,0.2082636342
915,0.4691940303,0.3098447471
916,0.527133073,0.3383342225
917,0.07055886434,0.4668271218
918,0.9570459803,0.08884320263
919,0.6276706622,0.2392291341
920,0.9539086226,0.09968115018
921,0.9442342433,0.08953204932
922,0.7068511951,0.2223943139
923,0.5542806436,0.2688862097
924,0.3242839275,0.3575642571
925,0.8860141813,0.1234088896
926,0.6292888988,0.2649300077
927,0.7082126963,0.2067100553
928,0.9286444791,0.09847755817
929,0.8638541865,0.1584771944
930,0.6682180696,0.2614786127
931,0.1932792874,0.4267541738
932,0.8996617562,0.1160063388
933,0.4236260523,0.3264467934
934,0.5220337879,0.2885604766
935,-0.03446644625,0.5163834846
936,-0.02049235413,0.5093206648
937,0.03532487455,0.4829222013
938,0.8598117822,0.1405379409
939,0.8358567827,0.1781997357
940,0.7249674239,0.2001268728
941,0.8034699474,0.1782742679
942,0.924961419,0.09871955499
943,0.9601341582,0.07735887391
944,0.9241120042,0.1221653688
945,0.9683348069,0.1013503209
946,0.9645493492,0.06829080718
947,0.5399369813,0.3082431485
948,0.7022688627,0.212513549
949,0.8093353492,0.1662766054
950,0.9609557746,0.07100376991
951,0.8436135441,0.1742559975
952,0.9576588696,0.09671374201
953,0.6602556542,0.2481768511
954,0.6343399254,0.239288741
955,0.2470229313,0.3901562621
956,0.7677660151,0.1817593721
957,-0.1812648765,0.5947225019
958,-0.109812727,0.5576823131
959,0.9540433325,0.07723498913
960,0.948655323,0.08131110294
961,0.7264268541,0.2105757301
962,0.4458651264,0.3313176031
963,0.7247573721,0.2068598515
964,0.7443498515,0.2215371549
965,0.7863644339,0.17522589
966,0.4622266388,0.306526303
967,0.8830858567,0.1667729065
968,0.1068433375,0.4493664321
969,0.8430143826,0.1459327113
970,0.9432837897,0.08546396114
971,0.856307166,0.1427526275
972,0.8380526848,0.1495161974
973,0.7630395743,0.2027792006
974,0.9578270029,0.07338392858
975,-0.1075141207,0.5471787992
976,-0.1037639125,0.5547933046
977,0.9560430483,0.09756179669
978,0.6166141348,0.243677434
979,0.9015074833,0.1217640704
980,0.9440679352,0.08608924192
981,0.9116407752,0.1154193742
982,-0.1530894236,0.5791289161
983,0.05642611599,0.4754846226
984,0.3380671517,0.3896076303
985,0.2787135141,0.3755858654
986,0.9410004667,0.08902286761
987,0.8727151716,0.1424186036
988,0.5601968414,0.28760583
989,0.9456826345,0.160412437
990,0.9437246028,0.09550164495
991,0.9259066679,0.09822897882
992,0.9607290932,0.07210307172
993,0.7469107298,0.1907739766
994,0.8145003506,0.2085441094
995,0.8996636197,0.1284296439
996,0.7063287533,0.2080894198
997,0.9495384017,0.08187235415
998,0.8303751757,0.1636209307
999,0.5540278798,0.2682316525
